8740PZ-M-11000,24:00:00,MECANICA
8740PZ-M-11001,24:00:00,MECANICA
8740PZ-M-11002,24:00:00,MECANICA
8740PZ-M-11003,24:00:00,MECANICA
8740PZ-M-11004,24:00:00,MECANICA
8740PZ-M-11005,24:00:00,MECANICA
8740PZ-M-11006,24:00:00,MECANICA
8740PZ-M-11007,24:00:00,MECANICA
8740PZ-M-11008,24:00:00,MECANICA
8740PZ-M-11009,24:00:00,MECANICA
8740PZ-L-11000,24:00:00,MECANICA
8740PZ-L-11001,24:00:00,MECANICA
8740PZ-M-11010,24:00:00,MECANICA
8740PZ-M-11011,24:00:00,MECANICA
8740PZ-M-11012,24:00:00,MECANICA
20129-0316-SMF-4-001,24:00:00,MECANICA
20129-0316-SMF-4-003,24:00:00,MECANICA
20129-0316-SMF-4-005,24:00:00,MECANICA
20129-0316-SMF-4-002,24:00:00,MECANICA
20129-0316-SMF-4-004,24:00:00,MECANICA
20129-0316-SMF-4-006,24:00:00,MECANICA
8740PZ-M-11013,24:00:00,MECANICA
8740PZ-M-11014,24:00:00,MECANICA
8740PZ-M-11015,24:00:00,MECANICA
8740PZ-M-11016,24:00:00,MECANICA
8740PZ-M-11017,24:00:00,MECANICA
8740PZ-M-11018,24:00:00,MECANICA
8740PZ-M-11019,24:00:00,MECANICA
8740PZ-M-11020,24:00:00,MECANICA
8740PZ-M-11021,24:00:00,MECANICA
8740PZ-M-11022,24:00:00,MECANICA
8740PZ-M-11023,24:00:00,MECANICA
8740PZ-M-11024,24:00:00,MECANICA
8740PZ-M-11025,24:00:00,MECANICA
8740PZ-M-11026,24:00:00,MECANICA
8740PZ-M-11027,24:00:00,MECANICA
8740PZ-M-11028,24:00:00,MECANICA
8740PZ-M-11029,24:00:00,MECANICA
8740PZ-M-11030,24:00:00,MECANICA
8740PZ-M-11031,24:00:00,MECANICA
8740PZ-M-11032,24:00:00,MECANICA
8740PZ-M-11033,24:00:00,MECANICA
8740PZ-M-11034,24:00:00,MECANICA
8740PZ-M-11035,24:00:00,MECANICA
8740PZ-M-11036,24:00:00,MECANICA
8740PZ-M-11037,24:00:00,MECANICA
8740PZ-S-11000,24:00:00,ESTRUTURAS METALICAS
8740PZ-S-11001,24:00:00,ESTRUTURAS METALICAS
8740PZ-S-11002,24:00:00,ESTRUTURAS METALICAS
8740PZ-S-11003,24:00:00,ESTRUTURAS METALICAS
8740PZ-S-11004,24:00:00,ESTRUTURAS METALICAS
8740PZ-S-11005,24:00:00,ESTRUTURAS METALICAS
8740PZ-S-11006,24:00:00,ESTRUTURAS METALICAS
8740PZ-S-11007,24:00:00,ESTRUTURAS METALICAS
8740PZ-S-11008,24:00:00,ESTRUTURAS METALICAS
